"";"X";"Year";"Month";"Day";"RAIN_S";"SNW_S";"SUN_DUR_M";"RAD_SUM";"TEMP_M_2";"TEMP_MAX_2";"TEMP_MIN_2";"HUM_M_2";"HUM_MAX_2";"HUM_Min_2";"PRES_M";"PRES_MAX";"PRES_MIN";"TOT_CLOU_M";"TOT_CLOU_MAX";"TOT_CLOU_MIN";"HIGH_CLOU_M";"HIGH_CLOU_MAX";"HIGH_CLOU_MIN";"MED_CLOU_M";"MED_CLOU_MAX";"MED_CLOU_MIN";"LOW_CLOU_M";"LOW_CLOU_MAX";"LOW_CLOU_MIN";"WIN_DIR_M_10";"WIN_DIR_M_80";"WIN_DIR_M_900";"WIN_SPE_M_10";"WIN_SPE_MAX_10";"WIN_SPE_MIN_10";"WIN_SPE_M_80";"WIN_SPE_MAX_80";"WIN_SPE_MIN_80";"WIN_SPE_M_900";"WIN_SPE_MAX_900";"WIN_SPE_MIN_900";"WIN_GUST_M";"WIN_GUST_MAX";"WIN_GUST_MIN";"PROB_PLUIE_DEM_MOD_FINAL";"PLUI_DEM_ANSWER_FINAL"
"1";221;2011;1;7;3,9;0;0;534;10,96;13,62;7,81;76,46;93;64;1008,75;1010,8;1005,4;100;100;100;38,92;100;1;89,75;100;22;100;100;100;182,85;194,65;240,94;17,89;42,24;5,62;25,45;53,72;8,65;68,74;99,79;27,33;42,3;83,16;6,84;0,87549094940611;TRUE
"2";229;2011;1;15;0;0;410,76;2063,91;8,93;11,12;6,92;76,08;88;65;1026,47;1029,3;1020,4;35,25;100;0;21,96;100;0;29,67;100;0;7,46;100;0;224,04;249,67;264,65;10,46;20,32;2,16;15,16;29,66;1,08;35,3;56,84;19,01;21,27;45;1,8;0,387380607553871;FALSE
"3";235;2011;1;21;0;0;408,36;2162,7;-0,33;2,85;-2,88;77,54;97;55;1030,55;1032,1;1029,4;42,67;100;0;0;0;0;0;0;0;42,67;100;0;126,32;59,99;69,15;13,09;24,82;5,62;17,3;26,87;9,39;33,78;39,96;28,28;19,94;34,92;4,68;0,0569769573864452;FALSE
"4";249;2011;2;4;0;0;372,21;2735,86;5,8;10,13;1,66;76,46;92;59;1031,65;1032,5;1030,9;47,87;100;2,1;14,54;100;0;15;100;0;36,04;100;0;207,46;230,5;262,86;13,98;28,45;3,6;18,98;32,43;3,67;43,87;57,33;23,07;24,69;46,44;2,88;0,445377239863177;FALSE
"5";269;2011;2;24;3,7;0,21;0;1396,41;3,08;6,41;-0,04;81,42;100;56;1026,01;1027,9;1024,2;100;100;100;10,62;39;0;61,29;100;0;100;100;100;189,05;192,53;261,45;10,56;18,37;1,61;15,58;25,26;6,76;23,18;31,52;13,4;12,94;28,8;4,68;0,496402714017875;FALSE
"6";273;2011;2;28;0;0;48,51;2218,77;5,27;9,99;1,08;80,46;96;58;1019,92;1022,2;1018,1;78,67;100;2;6,83;19;0;39,62;100;0;69,21;100;0;194,76;187,34;61,05;9,97;21,31;1,94;14,87;24,8;7,24;29,55;40,08;6,62;13,57;28,08;2,88;0,342316706884626;FALSE
"7";275;2011;3;2;0;0;653,67;4163,42;3,5;9,17;-0,15;61,75;78;38;1023,07;1026,1;1020,1;1,3;7;0;1,42;16;0;0;0;0;0,92;7;0;76,98;90,16;83,77;15,02;29,37;3,42;20,54;36,76;3,08;60,68;76,39;45,76;37,69;50,76;6,84;0,134904356673646;FALSE
"8";301;2011;3;28;5,7;0;280,82;2282,85;12,32;14,71;10,61;81,62;97;66;1011,95;1015,7;1009,4;72,5;100;10;21,38;100;0;41,12;100;0;72,5;100;10;328,74;240,33;230,73;3,55;6,84;0,51;4,81;8,12;0,72;7,5;11,44;2,55;5;9,72;1,08;0,482557126138901;FALSE
"9";303;2011;3;30;2,3;0;66,38;2718,95;12;14,7;8,9;76,67;94;62;1017,64;1020,2;1014,6;95,17;100;25;11,12;100;0;15,67;100;0;95,17;100;25;221,69;232,26;258,98;6,97;14,76;1,94;8,61;16,62;1,94;12,95;25,92;2,04;12,26;22,32;5,04;0,546191390888296;TRUE
"10";311;2011;4;7;0;0;717,64;6047,55;17,12;25,1;8,05;73,54;100;47;1026,28;1028,7;1023,7;4,93;30;0;4,33;39;0;0;0;0;3,62;30;0;225,48;232,84;236,33;7,71;18,21;2,55;9,65;21,13;2,1;15,63;30,27;3,96;11,73;23,76;5,4;0,303544850781248;FALSE
"11";315;2011;4;11;0;0;702,83;6383,97;14,68;22,57;4,89;66,54;99;35;1021,89;1024;1019,9;14,45;100;0;25,17;100;0;7,12;100;0;2,88;32;0;208,07;200,83;175,73;5,72;11,44;0,72;8,86;26,28;0,36;19,63;37,73;3,71;10,8;28,08;4,32;0,661126496181112;TRUE
"12";319;2011;4;15;0;0;628,29;6082,26;10,04;15,29;1,81;60,25;93;38;1016,94;1018,8;1015,6;33,54;100;0;0;0;0;0;0;0;33,54;100;0;60,88;66,24;73,94;11,81;22,33;4,61;15,11;22,9;7,99;26,68;37,42;21,13;20,53;30,96;12,6;0,308442610427091;FALSE
"13";355;2011;5;21;0,1;0;621;7546,31;19,43;23,67;14,43;63,12;76;52;1019,89;1021,8;1017,6;26,56;100;3;26,62;100;0;22,71;100;0;3,04;10;0;207,83;194,04;165,56;5,03;10,85;0,8;4,74;10,54;0,8;7,39;16,17;2,41;6,32;10,8;1,44;0,414662164291178;FALSE
"14";369;2011;6;4;0,2;0;351,77;6023,52;20,02;24,2;14,86;76,42;97;62;1015,45;1017,7;1013,1;65,39;100;3;39,42;100;0;46,79;100;0;30,33;100;0;196,2;198,9;208,83;7,09;14,04;0,72;9,77;17,65;3,89;9,93;19,47;1,14;9,45;29,16;2,16;0,622272363821181;TRUE
"15";371;2011;6;6;2,9;0;188,81;4550,57;17,64;20,45;14,29;74,12;94;61;1007,88;1009;1006,9;66,54;100;3;60,75;100;7;58,46;100;0;52,83;100;0;234,24;256,4;267,21;7,29;13,28;0;9,22;18;2,16;17,33;40,72;4,02;9,73;15,84;5,04;0,738271459097712;TRUE
"16";373;2011;6;8;11,4;0;17,58;2427,92;14,77;16,64;12,86;84,5;95;77;1008,31;1013;1005;97,12;100;31;48,21;100;1;92,71;100;31;97,04;100;29;263,54;267,73;281,08;11,52;21,92;1,84;15,54;27,47;1,84;21,05;47,16;6,41;21,1;40,32;5,4;0,719674245864392;TRUE
"17";383;2011;6;18;5,1;0;283,26;3677,48;15,94;18,84;11,51;72,08;88;60;1010,88;1014,5;1008,3;73,54;100;0;42,42;100;0;69,08;100;0;59,42;100;0;255,44;256,41;256,77;18,98;27,86;8,4;25,33;39,35;15,55;51,95;95,82;31,67;39,3;68,4;27;0,804365560283012;TRUE
"18";399;2011;7;4;0;0;785,57;8088,32;18,39;24,79;11,53;66,71;85;45;1013,71;1014,9;1012,4;13,01;100;0;23,42;100;0;9,5;100;0;0;0;0;238,07;277,98;190,23;4,97;8,43;1,14;5,77;12,57;0,51;15,18;24,39;2,74;6,1;9;1,8;0,652758360887594;TRUE
"19";421;2011;7;26;0,5;0;140,77;5212,73;16,75;20,56;13,33;70,79;78;62;1012,05;1014,5;1010,3;73,92;100;14;5,88;28;0;54,08;100;0;50,62;100;0;208,74;221,09;235;5,77;11,44;0,51;6,42;12,72;1,53;6,9;12,77;1,8;6,55;12,24;1,44;0,654381380066223;TRUE
"20";429;2011;8;3;2,7;0;185,82;3886,63;21,24;25,43;18,62;68,92;83;51;1016,65;1018,2;1014,6;64,61;100;0;33,75;100;0;52,88;100;0;32,04;100;0;198,89;203,96;246,75;9,47;21,32;1,14;13,02;27,95;1,02;32,65;50,89;12,32;14,53;42,12;1,44;0,567090566534513;TRUE
"21";431;2011;8;5;4,3;0;189,59;3144,37;20,82;22,14;18;75,33;84;69;1015,04;1015,9;1013,7;73,67;100;0;29,21;100;0;73,67;100;0;19,42;100;0;160,13;178,64;239,44;5,17;10,39;1,08;6,16;11,28;1,84;14,24;29,56;1,14;6,66;14,4;1,08;0,520588082694349;TRUE
"22";459;2011;9;2;0,7;0;478,58;5582,97;22,31;27,3;17,68;69,46;94;55;1013,02;1013,8;1011,9;45,35;100;0;9,96;68;0;43,38;100;0;19,62;100;0;196,03;206,25;252,21;5,63;8,71;1,14;7,7;13,55;1,8;14,52;28,36;2,1;6,91;15,84;2,52;0,660080018440913;TRUE
"23";461;2011;9;4;14,5;0;0;1612,68;20,05;23,16;18,15;86,67;96;74;1012,35;1013,2;1011,8;92,7;100;15,9;67,17;100;3;90,29;100;0;64,17;100;0;229,93;229,73;260,54;5,37;12,1;1,53;6,6;16,49;0,72;26,27;39,91;11,18;8,5;24,48;2,16;0,681104447952849;TRUE
"24";463;2011;9;6;0;0;675,9;5840,18;16,07;21,49;11,13;71,04;93;55;1023,04;1026,4;1019,3;21,41;100;0;29,83;100;0;17,04;100;0;0,42;10;0;219,51;218,51;255,27;7,43;15,16;1,8;9,03;17,29;0;24,5;54,72;12,07;12,26;33,84;2,52;0,507077921426168;TRUE
"25";475;2011;9;18;2,7;0;143,99;1788,9;14,08;17,88;9,97;76,25;96;54;1009,32;1011,3;1006,8;79,75;100;0;67,33;100;0;73,04;100;0;66,83;100;0;230,54;240,85;259,57;12,36;24,34;0;16,93;30,9;2,1;35,43;64,05;21,97;22,36;47,52;1,44;0,797669642922833;TRUE
"26";483;2011;9;26;0;0;722,59;4757,05;19,43;23,59;15,26;68,83;81;54;1023,93;1025,9;1022,2;9,87;100;0;13,46;100;0;8,33;100;0;0;0;0;170,99;180,62;196,98;3,73;5,24;2,04;3,54;5,35;0,8;5,2;10,59;2,19;4,03;7,56;0,72;0,311567202040884;FALSE
"27";521;2011;11;3;0;0;170,06;2441,27;11,41;16,46;6,39;71,38;81;62;1008,09;1010,8;1004,2;78,85;100;5,1;45,46;100;0;73,71;100;0;40,12;100;0;116,86;116,96;135,1;17,01;20,95;12,18;27,72;33,55;14,18;19,48;35,43;2,97;18,6;38,88;7,56;0,72543569309277;TRUE
"28";527;2011;11;9;0;0;573,89;2552,52;10,22;14,87;4,73;73,33;87;60;1020,12;1021,6;1018,4;1,91;31;0;2,5;24;0;1,62;31;0;0;0;0;172,47;187,17;146,35;5,08;12,31;0,36;7,89;16,1;0,51;6,8;14,92;2,16;4,26;8,64;0,72;0,245435152321288;FALSE
"29";543;2011;11;25;0;0;524,06;2155,58;3,19;8,04;-1,15;68,75;81;56;1030,9;1032,2;1029,1;2,05;9,6;0;6,83;32;0;0;0;0;0;0;0;145,58;170,91;237,94;5,65;9,09;1,08;9,41;21,67;1,8;20,54;28,82;5,09;5,34;12,6;1,08;0,123630297176238;FALSE
"30";559;2011;12;11;0;0;180;1521,01;5,71;8,37;3,96;89,88;94;83;1017,67;1020,8;1014,5;73,67;100;0;2,75;28;0;5;67;0;71,33;100;0;182,75;202,02;236,16;3,13;10,44;0,36;4,02;17,41;0,36;15,85;48,29;5,99;3,6;13,32;0,72;0,324336499287822;FALSE
"31";571;2011;12;23;0;0;53,62;1084,91;6,93;8,72;4,28;87,92;97;75;1026,45;1029,8;1022,5;78,21;100;2;0;0;0;1,71;37;0;78,21;100;2;248,6;252,22;272,32;9,85;16,24;5,63;14,68;24,88;5,63;22,23;47,52;10,81;16,75;31,32;7,56;0,223451261265621;FALSE
"32";575;2011;12;27;0;0;562,54;1760,42;3,31;5,77;1,71;83,33;96;71;1036,96;1038,6;1035,5;21,43;100;0;1,71;16;0;0;0;0;20,92;100;0;192,72;177,16;98,17;3,24;5,35;0,36;4,19;7,56;0,51;22,35;27;9,18;3,11;6,48;0,72;0,0213752520534523;FALSE
"33";577;2011;12;29;0,1;0;421,97;1731,05;4,19;5,61;2,34;83,5;92;72;1028,3;1030,8;1024;61,62;100;2;7,79;36;0;37,42;100;0;60,88;100;0;259,12;259,67;289,29;18,01;30,56;10,18;24,37;39,04;18,13;42,57;76,77;31,26;36,21;63,72;24,12;0,47238757937483;FALSE
"34";583;2012;1;4;6,6;0;395,36;1642,05;7,09;9,77;4,54;74,92;86;63;1022,57;1027,7;1015,9;68,43;100;0;21,71;100;0;51,79;100;0;51,5;100;0;257,11;257,54;272,38;28,85;36,25;19,2;37,64;47,23;28,67;68,64;95,98;49,55;54,76;76,68;39,24;0,570488762193986;TRUE
"35";631;2012;2;21;0;0;637,5;3650,78;0,12;4,57;-3,46;78,38;100;64;1032,92;1034,4;1031,7;10,64;100;0;0,38;4;0;1,38;33;0;9,17;100;0;243,6;212,63;80,96;4,28;6,95;1,48;6,18;14,33;1,08;15,25;39,08;8,12;5,38;11,16;0,72;0,0638251838551414;FALSE
"36";645;2012;3;6;0;0;355,53;3840,35;4,51;8,97;0,39;70,42;87;53;1023,87;1027;1022,8;48,46;100;0;9,75;100;0;21,21;100;0;32,46;100;0;113,42;123,12;149,9;7,33;11,59;3,62;10,57;20,77;2,88;15,74;28,05;3,24;10,83;21,24;2,88;0,324570046059717;FALSE
"37";671;2012;4;1;0,1;0;632,16;5972,79;7,67;12,84;3,77;60,46;82;33;1015,3;1017,5;1012,8;39,4;100;0;5,04;16;0;0;0;0;38,29;100;0;131,27;125,32;77,44;14,18;21,19;0,36;17,4;28,27;3,42;19,76;33,51;8,35;20,7;32,76;4,32;0,191888112085278;FALSE
"38";673;2012;4;3;1,8;0;375,87;2853,34;12,54;16,84;7,98;72,75;91;59;1004,17;1005,8;1002,4;46,54;100;0;15,04;100;0;32,96;100;0;45;100;0;189,58;204,02;252,39;8,41;23,56;0,36;10,79;35,16;1,61;36,01;70,71;9,83;14,52;61,92;2,88;0,890904425086408;TRUE
"39";679;2012;4;9;1,4;0;0;2904,07;7,16;12,97;1,85;71,92;83;62;1011,29;1017;1005,2;83,38;100;1,2;46,08;100;4;81,96;100;0;78,88;100;0;182,77;193,4;247,61;7,91;16,33;2,74;8,32;19,04;2,6;23,61;34,32;13,85;11,37;27,72;2,52;0,713699429210483;TRUE
"40";703;2012;5;3;0;0;724,86;7067,49;13,59;19;7,16;71,58;96;54;1013,63;1017;1009,8;14,79;100;0;0;0;0;0;0;0;14,79;100;0;193,96;226,33;262,77;4,27;7,1;0,8;4,75;9,34;0,72;16,32;41,67;2,55;4,37;7,2;0,72;0,402776817264303;FALSE
"41";707;2012;5;7;0;0;439,65;6176,6;12,55;15,91;8,84;73,04;93;58;1017,65;1019,5;1014,6;65,79;100;10;1,04;14;0;0;0;0;65,79;100;10;270,99;291,02;273,9;7,5;17,42;1,08;9,42;18,35;3,6;15,67;27,02;1,44;10,95;22,32;3,24;0,309056400725034;FALSE
"42";717;2012;5;17;0;0;654,54;7993,09;10,18;16,67;3,19;61,08;90;40;1020,61;1026,7;1012,8;25,68;100;0;20,21;100;0;25,08;100;0;4,17;100;0;113,45;110,16;135,58;15,45;24,19;4,51;20,01;30,49;5,12;24,65;37,23;2,74;20,57;40,68;2,88;0,486590485927912;FALSE
"43";745;2012;6;14;0;0;587,8;7964,61;15,32;20,46;9,55;74,21;97;53;1017,94;1019,7;1015,5;49,93;100;0;11,92;100;0;12,46;100;0;37,92;100;0;111,81;121,41;169,46;4,62;6,92;1,8;5,64;10,74;1,8;7,51;19,56;0,51;5,83;13,68;2,16;0,506711129967156;TRUE
"44";749;2012;6;18;0;0;872,46;7912,99;22,03;27,69;15,16;74,58;96;45;1015,94;1018,2;1013,9;16,27;100;0;3,96;32;0;9,75;100;0;11,71;100;0;226,79;224,42;245,18;11,61;22,26;0,51;16,39;33,33;3,32;22,92;34,75;1,08;12,44;25,92;2,88;0,695642223038429;TRUE
"45";753;2012;6;22;0;0;931,58;8147,95;17,89;21,05;13,36;66,54;94;44;1020,22;1022,3;1015,1;2,88;21;0;0,29;7;0;0;0;0;2,79;21;0;272,07;277,01;276,23;14,72;20,52;5,62;19,09;28,91;10,45;32,1;60,12;17,24;24,31;46,44;8,64;0,344989125798911;FALSE
"46";763;2012;7;2;9,5;0;0;2061,24;15,7;18,74;13,12;93,5;97;89;1018,11;1020,6;1016,6;100;100;100;20,25;100;0;66,38;100;0;95,83;100;0;298,1;307,75;127,51;7;12,68;3,24;9,18;15;3,22;9,81;30,6;1,94;8,59;18;1,8;0,813588505882409;TRUE
"47";775;2012;7;14;0;0;798,71;7718,97;18,21;20,13;15,53;64,96;80;53;1010,4;1013,9;1004,6;24,69;100;0;1,92;25;0;4,62;100;0;24,17;100;0;261,67;262,08;261,72;24,03;34,1;9,01;30,68;40,38;18,71;53,85;84,75;27,8;42,32;63,36;19,44;0,742067119117086;TRUE
"48";803;2012;8;11;0;0;611,53;6626,05;17,73;24,22;12,24;78,17;94;55;1019,21;1021,9;1015,3;22,27;100;0;0,62;15;0;0;0;0;22,08;100;0;172,57;180,25;91,43;8,31;15,63;2,19;10,22;26,55;0,8;18,4;32,79;8,65;12,7;37,08;3,24;0,17978276041664;FALSE
"49";823;2012;8;31;6,2;0;165,11;2273,06;13,6;15,46;11,72;81,62;93;70;1020,61;1021,7;1019,5;80;100;12;8,62;100;0;64,29;100;0;66,71;100;10;266,91;272,71;279,91;13,79;23,51;5,86;18,64;27,33;10,83;22,13;34,95;8,31;21,99;31,32;7,56;0,511414039161727;TRUE
"50";825;2012;9;2;0;0;351,59;4490,05;15,09;20,12;9,91;84,21;96;70;1021,94;1023,6;1020,4;53,21;100;0;14,62;100;0;13,12;100;0;48,42;100;0;295,15;245,26;72,69;6,49;12,96;0,36;7,47;14,47;1,14;22,34;46,64;3,05;8,24;16,2;2,16;0,294091943995224;FALSE
"51";827;2012;9;4;0;0;437,66;4585,28;18,62;24,8;13,31;81,54;96;59;1018,22;1019,6;1015,9;44,58;100;0;1,58;14;0;0;0;0;44,58;100;0;194,4;202,87;75,36;7,59;12,48;3,55;9,68;18,84;2,04;30,44;42,87;13,58;10,52;18;2,88;0,151648737915515;FALSE
"52";839;2012;9;16;0;0;813,4;5283,04;15,84;21,7;10,01;75,92;94;59;1015,93;1018,4;1013,3;2,17;39;0;0;0;0;0;0;0;2,17;39;0;125,9;114,77;131,63;6,56;13,08;0,36;9,65;15,35;1,8;14,99;25,93;2,19;8,98;18,72;0;0,235053461259237;FALSE
"53";843;2012;9;20;0;0;712,77;5199,38;12,46;16,68;7,54;69;89;53;1022,72;1024,7;1020,9;9,35;50;0;12,96;38;0;8,42;50;0;0;0;0;162,07;150,39;80,58;3,92;9,57;1,02;4,08;8,91;0;12,12;24,45;2,97;4,78;14,76;0,36;0,174668364578451;FALSE
"54";853;2012;9;30;0;0;0;2652,2;12,55;17,08;7,88;82,75;97;67;1019,74;1021,5;1018,1;93,45;100;3,9;45,21;100;0;28,5;100;0;87,75;100;0;292,55;280,71;113,22;6,46;13,2;0,72;8,41;15,03;1,61;17,93;34,56;3,71;8,08;14,04;1,08;0,380043934096203;FALSE
"55";871;2012;10;18;0;0;638,18;3540,42;12,03;20,83;3,3;82,08;97;60;1013,35;1014,6;1011,8;0,75;10;0;0,08;2;0;0,04;1;0;0,71;10;0;119,88;118,28;147,79;5,73;6,38;4,35;8,96;11,3;5,69;13,29;16,36;9,11;8,67;10,44;6,12;0,430444727325723;FALSE
"56";883;2012;10;30;0;0;478,36;3014,43;5,83;10,33;1,81;77,21;90;64;1009,84;1014,4;1006,7;43,5;100;0;22,92;100;0;42,25;100;0;37,83;100;0;166,78;165,73;258,8;6,72;11,18;2,55;7,2;11,75;1,84;13,4;21,63;9,39;7,21;11,88;2,16;0,671970059766699;TRUE
"57";887;2012;11;3;1,2;0;349,27;2692,25;13,3;17,56;9,4;67,08;86;51;1004,65;1007,9;1002,6;69,11;100;2,7;37,5;100;0;47,75;100;0;43,79;100;0;226,36;229,29;244,41;17,97;34,17;6,62;25;41,32;11,75;65,96;84,73;46,63;41,8;63,72;8,64;0,862316016955502;TRUE
"58";889;2012;11;5;10,6;0;278,09;1202,39;8,58;10,61;6,5;81,29;91;69;1006,1;1012,7;1002,4;58,29;100;0;8,33;100;0;45,75;100;0;58,29;100;0;254,33;255,56;267,22;15,8;23,42;8,65;22,11;32,09;11,92;46,16;57,74;28,24;35,28;45;18,36;0,722529595268323;TRUE
"59";893;2012;11;9;0;0;247,32;2397,66;9,52;14,28;4,53;74,04;89;59;1016,55;1021,4;1011,4;51,12;100;0;60,25;100;0;40,58;100;0;20,04;100;0;124,43;142,81;231,85;9,75;17,11;4,55;14,63;23,47;4,45;21,82;42,85;9;9,8;20,16;3,96;0,559090821502138;TRUE
"60";905;2012;11;21;0;0;294,91;2111,97;5,87;11,81;0,3;77,08;86;58;1017,96;1021,7;1016,5;39;100;0;42,5;100;0;37,5;100;0;12,5;100;0;146,83;152,58;247,75;8,1;11,49;1,48;16,99;30,07;1,8;22,49;47,06;8,09;8,64;30,96;0,72;0,647408774396544;TRUE
"61";917;2012;12;3;1;0,07;33,3;811,68;1,05;5,94;-3,86;82,67;96;67;1016,51;1021,9;1008,4;76,21;100;0;38,46;100;0;54,71;100;0;74,33;100;0;213,88;219,48;270,11;24;44,45;5,09;30,73;59,9;5,04;46,79;83,56;26,08;33,04;72;5,04;0,772603284055211;TRUE
"62";943;2012;12;29;0;0;436,3;1791,57;5,98;11,14;1,57;78,67;93;45;1021,16;1027,8;1015,8;36,05;100;0;21,25;100;0;26,46;100;0;16,67;100;0;128,96;140,42;235,44;11,15;17,87;5,04;16,89;25,76;7,93;34,39;81,65;11,18;10,3;14,04;7,56;0,396450239498549;FALSE
"63";963;2013;1;18;0;0,07;128,97;2162,7;-1,75;1,23;-5,46;76,5;94;54;1008,26;1014,3;1000,1;85,5;100;15;26,42;100;0;42,62;100;0;47,08;100;0;211,71;211,13;100,82;18,85;37,11;2,6;21,59;44,41;2,31;27,28;40,41;11,17;23,97;49,32;2,88;0,69350510887943;TRUE
"64";969;2013;1;24;0;0;155,11;2224,11;0,61;3,78;-1,87;75;92;53;1008,5;1013,7;1005,5;89,12;100;1;7,08;20;0;14,38;71;0;89,04;100;0;234,47;234,72;93,85;12,07;20,89;4,61;13,27;23,99;4,58;13,55;25,2;3,32;14,14;22,68;5,04;0,384201887846792;FALSE
"65";987;2013;2;11;2,1;3,5;0,64;2403,89;1,23;7,77;-3,32;71,96;93;51;1000,85;1003,8;999,4;99,71;100;93;60,21;100;10;83,12;100;29;99,71;100;93;127,71;126,04;156,98;23,19;44,3;2,52;27,29;51,21;1,8;19,25;41,59;1,8;24,97;45,72;2,88;0,876762323921003;TRUE
"66";997;2013;2;21;0;0;463,14;3380,22;0,33;3,32;-2,08;55,08;71;37;1016;1019,1;1013,6;17,54;81;0;0;0;0;0;0;0;17,54;81;0;76,13;78;84,65;20,38;27,79;14,06;25,72;31,08;20,38;41,78;50,06;36,59;35,09;38,88;31,32;0,164792970175356;FALSE
"67";1015;2013;3;11;1,2;0;24,74;3259,18;8,36;12,23;4,28;71,29;91;54;999,12;1001,3;997,3;80,48;100;4,5;26,92;97;11;64,21;100;3;76,42;100;0;238,92;256,09;252,32;6,37;12,29;0;8,26;17,78;1,61;11,53;29,66;3,26;9,04;30,24;1,8;0,891661406809873;TRUE
"68";1021;2013;3;17;0,2;0,28;0;1726,6;6,11;11,03;1,79;53,67;84;32;1003,47;1010;997,9;100;100;100;48,71;100;0;100;100;100;100;100;100;125,44;151,87;183,97;20,32;39;4,33;25,86;44,29;2,16;37,3;61,64;15,65;26,88;51,84;2,52;0,828647491141443;TRUE
"69";1029;2013;3;25;1,2;0,35;0;2983,28;4,22;7,71;1,12;65,88;82;56;1006,73;1008,1;1004,8;100;100;100;47,33;100;0;86,5;100;41;100;100;100;191,65;185,1;96,44;8,88;16,2;0,72;9,46;17,94;2,1;14,79;25,2;1,3;12,35;23,04;2,88;0,662748057817749;TRUE
"70";1035;2013;3;31;3,3;0,63;360,54;5084,57;3,9;6,95;0,64;67,96;93;40;1007,5;1009;1004,9;70,62;100;4;0;0;0;20,62;100;0;70,62;100;4;226,68;229,21;58,55;19,27;29,44;10,09;22,77;32,62;13,36;15,66;23,76;8,71;22,72;33,12;10,08;0,577876167755684;TRUE
"71";1039;2013;4;4;0;0;322,63;5451,25;8,36;14,91;0,13;53,67;77;38;1004,86;1008,7;1000,6;48,47;100;0;47,54;100;0;47,75;100;0;8,46;100;0;148,15;147,73;90,6;12,51;17,21;7,42;17,04;29,44;8,05;30,19;56,35;8,4;25,92;47,88;11,88;0,828136501375567;TRUE
"72";1049;2013;4;14;0;0;743,72;6414,23;15,89;23,7;8,19;53,83;71;36;1023,68;1026;1021,2;1,53;6,6;0;5,08;22;0;0;0;0;0;0;0;120,98;122,91;199,49;11,85;17,25;6,13;15,52;23,97;9,73;15,39;22,7;5,19;11,4;20,16;4,68;0,252012447400374;FALSE
"73";1051;2013;4;16;2,4;0;320,67;4910,13;18,47;21,71;15,42;59;71;44;1021,45;1023,4;1019,9;58,91;100;3,3;34,88;100;0;40,71;100;0;34,79;100;0;228,88;258,66;272,56;8,44;16,2;1,53;9,93;16,92;1,3;18,31;22,15;12,43;11,64;19,44;1,44;0,463272788588769;FALSE
"74";1081;2013;5;16;1,2;0;0;1894,81;11,69;14,47;9,85;81,83;92;73;997,71;1001,2;995;99,33;100;84;68,62;100;0;77,92;100;0;97,21;100;33;277,13;259,71;200,2;12,57;25,2;0,72;15,65;30,97;1,3;27,54;48,47;7,64;19;38,16;1,44;0,933273192648395;TRUE
"75";1095;2013;5;30;0,1;0;348,79;6447,16;12;15,58;7,19;56,04;82;42;1007,5;1009;1006,7;63,46;100;0;24,38;100;0;37,62;100;0;30,96;100;0;264,65;281,01;288,64;9,66;13,91;0,36;12,7;19,71;5,04;16,05;23,76;9,9;13,86;25,56;8,64;0,828097535074903;TRUE
"76";1105;2013;6;9;2,8;0;188,94;5045,41;18,18;22,41;14,43;61,92;80;40;1009,34;1011,4;1007,3;84,67;100;0;48,04;100;0;66,83;100;0;58,38;100;0;256,57;258,78;283,61;10,05;18,78;0,36;12,43;24,16;0,36;20,88;50,46;6,41;20,2;38,88;6,12;0,775808819314618;TRUE
"77";1125;2013;6;29;10,4;0;219,26;2629,95;15,13;17,93;12,43;72,92;87;59;1020,87;1022,8;1019,1;79,12;100;10;74,88;100;24;61,17;100;0;54,04;100;0;228,32;243,34;280,73;14,55;26,32;5,12;19,28;32,07;4,38;34,26;55,16;21,65;25,53;46,08;4,68;0,610914865894597;TRUE
"78";1147;2013;7;21;0;0;868,46;7733,21;25,06;31,35;17,58;55,58;87;33;1017,12;1018,7;1015,9;0,04;0,9;0;0,12;3;0;0;0;0;0;0;0;124,98;157,56;90,93;4,59;10,24;0,36;5,87;13,71;0,72;17,97;25,7;7,75;6,45;13,32;0,36;0,211674782275301;FALSE
"79";1155;2013;7;29;10,4;0;10,96;1553,05;19,51;20,8;17,41;73,83;95;58;1017,44;1022;1014,3;87,46;100;0;67,17;100;0;83,67;100;0;54,42;100;0;239,91;243,26;268,23;10,11;19,48;1,14;13,57;24,48;3,05;28,64;44,82;13,32;19,69;36;3,6;0,476834592738341;FALSE
"80";1217;2013;9;29;1,6;0;0;2512,47;17,9;20,23;14,76;73,17;87;63;1005,76;1006,6;1005;97,21;100;33;92,54;100;19;93,04;100;0;56,12;100;0;182,77;180,12;112,85;6,23;12,74;1,8;8,11;19,86;3,6;6,87;22,6;0,72;10,59;28,08;3,24;0,776472304959609;TRUE
"81";1231;2013;10;13;0,6;0;494,72;3612,51;10,53;16,22;6,35;81,38;94;60;1018,79;1020,7;1016,8;61,55;100;0;5,38;24;0;39,54;100;0;55,54;100;0;167,89;203,48;229,69;7,85;17,3;2,19;12,01;23,94;3,62;27,43;49,46;6,37;10,54;27,72;3,96;0,555320535312566;TRUE
"82";1243;2013;10;25;0;0;581,82;3187,98;14,18;22,05;6,72;73,46;96;50;1016,97;1018,6;1015,3;6,28;30;1,5;20,92;100;5;0;0;0;0;0;0;124,53;127,25;203,62;10,29;14,17;4,2;16,42;25,99;9,22;17,36;25,86;7,57;8,67;14,04;2,16;0,372694607698329;FALSE
"83";1259;2013;11;10;9;0;0;1037,74;8,07;10,89;5,21;68,33;80;58;1008,22;1021;1000,9;98,42;100;62;18,12;100;0;71,5;100;0;93,5;100;0;262,55;278,48;279,11;26,91;41,13;10,14;29,43;52,24;8,05;53,17;76,34;14,62;51,17;65,52;23,04;0,898873196914197;TRUE
"84";1261;2013;11;12;0;0;611,33;2556,08;4,44;8,49;1,46;69,08;94;49;1027,25;1030,7;1024,9;12,18;100;0;12,5;30;0;0;0;0;9;100;0;149,23;159,79;172,75;7,49;18,67;0,36;12,11;26,01;1,02;16,11;30,96;2,62;14,52;34,92;1,08;0,105473682103239;FALSE
"85";1275;2013;11;26;0,6;0,07;419,05;1894,81;1,78;4;-0,23;64,83;91;38;1032,6;1035;1030,1;54,79;100;0;0;0;0;0;0;0;54,79;100;0;133,7;210;65,54;10,33;25,48;0,36;11,74;26,76;1,08;23,09;31,49;7,24;14,1;32,4;1,08;0,037890694099599;FALSE
"86";1285;2013;12;6;1,8;0;525,88;1620,69;4,06;5,71;2,5;76,21;87;66;1025,88;1029,6;1023,4;38,44;100;0;5,46;17;0;3,38;80;0;38,29;100;0;268,54;271,32;297,66;33,68;47,47;16,6;42,1;58,83;28,23;56,96;77,54;42,24;54,12;75,96;36,36;0,466602256752017;FALSE
"87";1287;2013;12;8;0;0;442,03;1801,36;4,34;7,25;1,81;70,33;82;53;1029,51;1030,6;1028,3;35,14;100;0;2,71;15;0;9,38;100;0;25;100;0;196,78;220,15;285,53;4,06;8,91;0,51;6,62;14,35;0,51;11,65;24,37;3,83;6,56;21,24;0,36;0,349050261526225;FALSE
"88";1305;2013;12;26;16,8;0;0;325,74;4,37;5,46;3,35;87,42;95;83;997,98;1008;993,5;93,5;100;0;59;100;0;80;100;0;72,67;100;0;230,27;214,76;259,41;14,81;25,29;9,51;23,03;33,67;13,63;27,75;42,66;1,8;24,14;45,36;8,64;0,763928667350999;TRUE
"89";1323;2014;1;13;9,4;0;208,2;1059,1;3,8;7,46;0,23;87,62;96;61;1015,92;1019,8;1012,7;47,3;100;0;42,12;100;0;45,83;100;0;41,83;100;0;143,46;155,39;264,15;7,57;12,25;1,61;11,62;22,8;0;34,97;58,77;13,89;11,12;21,96;3,96;0,593750469985445;TRUE
"90";1349;2014;2;8;0;0;0;588,29;6,08;9,29;3,27;64,12;82;35;1003,54;1011,6;997,5;76,29;100;0;37,38;100;0;71,17;100;0;58,33;100;0;184,34;199,72;233,51;16,43;28,73;8,4;24,26;41,21;12,98;66,43;82,07;37,91;34,37;47,88;22,68;0,74780112136;TRUE
"91";1353;2014;2;12;0,1;0;549,73;3129,24;6,01;10,54;3,3;59,88;86;32;1010,31;1015,4;1006,2;47,86;100;0;19,5;100;0;31,17;100;0;33,75;100;0;211,79;224,19;251,03;14,36;22,01;5,15;18,72;29,43;5,8;36,3;59,42;10,46;22,19;31,68;10,44;0,649912573557432;TRUE
"92";1383;2014;3;14;0;0;708,11;4717,89;13,48;18,58;8,91;53,29;71;35;1026,22;1028,9;1022,8;9,58;100;0;0;0;0;0;0;0;9,58;100;0;232,12;255,65;137,4;5,47;9,83;1,94;5,69;11,44;0,51;7,73;15,86;1,84;6,34;10,8;1,44;0,0879867789552931;FALSE
"93";1393;2014;3;24;3,2;0,14;307,64;2279,29;5,27;7,9;3,26;65,42;87;50;1013,25;1015,1;1011,5;62,71;100;0;0;0;0;8,33;67;0;62,71;100;0;278,93;284,05;300,97;13,28;18,86;7,09;16,62;22,74;7,75;19,23;32,33;10;16,25;23,4;9,72;0,56818956569923;TRUE
"94";1417;2014;4;17;0;0;717,95;6850,33;10,58;17,45;3,02;44;68;20;1022,55;1027,7;1016,9;6,77;46;0;7,75;41;0;6,29;46;0;0;0;0;151,31;154,26;143,12;10,11;22,32;4,21;13,47;25,01;2,19;24,78;41,65;4,38;15,9;28,08;5,76;0,306912212857187;FALSE
"95";1423;2014;4;23;0,8;0;711,15;6078,7;16,55;21,19;11,63;53,54;69;39;1016,9;1018;1015,2;27,24;100;0;8,79;28;0;15,88;75;0;17,96;100;0;224,92;241,21;153,98;5,38;9,75;0,8;5,72;13,85;1,14;5,84;10,11;2,62;6,75;14,4;2,16;0,406563091016957;FALSE
"96";1425;2014;4;25;0;0;211,64;5465,49;15,82;20,97;11,41;61,67;77;43;1010,69;1013,4;1009,7;67,68;100;0,9;51,46;100;0;54,25;100;0;25,71;100;0;224,44;225,59;252,53;16,66;24,48;0,8;22,39;30,6;0,72;27,26;46,19;2,31;18,82;32,4;1,44;0,731440482325139;TRUE
"97";1427;2014;4;27;7,4;0;87,45;4939,5;13,11;16,84;9,94;61,96;85;34;1008,32;1009,4;1007;93,79;100;16;82,75;100;10;93,79;100;16;75,96;100;0;277,91;280,55;293,33;14,49;22,32;8,29;18,43;24,48;11,97;23,06;32,06;12,57;19,38;25,2;14,04;0,831874086161518;TRUE
"98";1487;2014;6;26;0;0;890,07;8370,45;18,4;23,27;11,66;48,38;72;28;1013,85;1015,1;1012,4;7,53;33;0;9,12;33;0;3,17;33;0;2,58;20;0;206,28;195,95;207,95;6,64;13;1,3;8,25;14,34;1,94;14,02;25,36;5,4;10,65;19,44;2,52;0,507658433413575;TRUE
"99";1503;2014;7;12;5,6;0;61,91;3445,19;18;20,34;15,78;78,75;92;65;1013,84;1014,8;1013,2;88,42;100;9;44;100;0;35,5;100;0;81,88;100;6;277,95;281,33;283,47;8,59;12,52;4,33;11,58;19,47;4,58;12;17,41;4,9;11,24;21,96;7,2;0,627502148007267;TRUE
"100";1515;2014;7;24;0,3;0;536,77;6675;21,48;26,77;15,3;59,79;83;36;1011,38;1012,1;1010,6;37,73;100;0;11,33;100;0;37,38;100;0;4,17;14;0;253,98;245,25;157,11;4,73;11,04;1,08;5,37;11,88;0,8;24,97;50,31;0,36;11,48;19,8;4,32;0,661254745858218;TRUE
"101";1521;2014;7;30;12,3;0;0;2159,14;18,19;21;15,9;86,04;92;75;1010,1;1014;1007,5;100;100;100;27,04;100;0;75,08;100;0;99,33;100;84;284,04;288,9;267,39;13,53;22,18;6,73;17,22;25,97;11,46;31,07;42,22;20,55;20,11;25,92;11,88;0,746775713986606;TRUE
"102";1523;2014;8;1;0;0;814,72;6932,21;22,54;28,02;16,75;63,29;87;42;1010,1;1012,9;1007,5;12,15;100;0;15,21;100;0;3,83;82;0;6,25;100;0;164,72;152,99;93,57;3,29;7,21;0;3,56;6,57;0,36;8,6;17,3;3,26;7,69;15,12;1,44;0,475656625528213;FALSE
"103";1533;2014;8;11;3,5;0;202,02;5267,02;21,2;23,64;19,09;63,25;83;35;1014,34;1016,2;1011,2;78,78;100;7,2;42,21;100;0;56,12;100;0;51;100;0;267,77;271,42;270,31;13,93;22,32;8,67;18,39;25,2;13,57;29,51;41,91;19,45;24,09;34,56;15,48;0,627995592014458;TRUE
"104";1543;2014;8;21;0,4;0;577,72;6153,46;16,89;20,89;13,42;56,67;75;39;1017,38;1019,3;1015,7;59,29;100;6;2,62;23;0;4,33;100;0;58,75;100;0;253,38;306,17;303,39;5,49;8,94;0,8;6,69;15,46;1,44;10,14;21,29;5;9,19;16,2;2,88;0,616369642162839;TRUE
"105";1545;2014;8;23;1,2;0;184,41;4554,13;15,98;19,16;12,69;65,21;83;51;1016,18;1018,9;1015,3;60,08;100;0;23,38;100;0;32,96;100;0;40,62;100;0;250,52;269,55;271,77;12,54;21,24;3,88;16,13;24,8;3,62;25,98;34,39;18,06;20,16;27,72;11,88;0,585334111848265;TRUE
"106";1563;2014;9;10;0;0;590,29;5354,24;18,11;21,95;14,19;76,12;94;55;1015,26;1016,9;1013,1;39,17;100;0;2;48;0;10,04;100;0;39,17;100;0;234,18;213,19;171;5,12;9,26;0;5,67;9,26;2,31;7,48;9,73;2,88;7,05;10,44;2,52;0,458592167364833;FALSE
"107";1571;2014;9;18;2;0;343,34;4185,67;21,73;25,57;18,23;66,12;76;51;1011,74;1012,9;1010,3;75,59;100;0;39,38;100;0;74,5;100;0;46,54;100;0;176,87;171,46;137,8;5,09;16,27;1,53;7,8;18,36;1,48;6,83;11,01;2,9;6,45;14,76;1,8;0,480667518016137;FALSE
"108";1579;2014;9;26;0;0;581,1;4702,76;14,74;20,18;9,93;63,46;81;43;1024,85;1026,1;1023,6;11,53;100;0;10,83;38;0;0;0;0;8,33;100;0;230,2;223,35;110,22;4,57;9,66;1,61;6,72;16,66;1,02;7,4;13,32;4,2;6,18;14,04;1,44;0,102037262852539;FALSE
"109";1583;2014;9;30;0,5;0;0,64;2528,49;18,48;21,29;15,38;74,25;88;65;1025,37;1026,4;1024,4;99,71;100;93;39,5;100;0;38,46;100;0;97,17;100;39;196,28;201,12;253,54;4,32;10,48;0,8;5,76;12,98;0,8;10,68;21,57;3,32;7,23;13,32;1,44;0,667014860058604;TRUE
"110";1595;2014;10;12;0;0;232,53;3242,27;16,13;22,02;11,24;83,96;98;59;1011,66;1015,4;1007,9;59,84;100;0;46,83;100;0;45,79;100;0;33,25;100;0;144,9;160,44;135,74;10,09;18,95;4,69;14,36;21,31;0,8;13,93;22,98;4,33;12,45;30,24;6,12;0,56508696027675;TRUE
"111";1597;2014;10;14;0,3;0;360,59;3256,51;15,62;20,03;11,08;76,5;95;58;1010,06;1010,8;1009,5;52,06;100;0;18,71;100;0;20,46;100;0;40,46;100;0;164,93;180,32;241,73;6,6;11,53;1,3;7,11;13,76;1,14;19,46;43,19;1,61;11,01;21,96;0,72;0,735788634544273;TRUE
"112";1601;2014;10;18;0;0;645,99;3518,17;15,44;23,3;9,17;76,58;95;52;1020,85;1022;1019,4;0,35;3;0;1,17;10;0;0;0;0;0;0;0;119,12;122,48;219,24;12,48;15,89;8,91;19,75;26,73;15,41;11,66;21,32;2,16;10,92;18,36;6,84;0,280978718085616;FALSE
"113";1609;2014;10;26;0;0;557,2;3136,36;13,53;17,23;10,52;73,12;86;61;1024,26;1025,2;1023,6;24,25;100;0;0;0;0;0,92;22;0;24,25;100;0;152,25;153,67;96;6,62;13,36;1,3;11,03;19,81;1,48;13,14;24,61;1,61;11,63;18,36;2,16;0,102153621836126;FALSE
"114";1619;2014;11;5;21,1;0;0;873,09;7,81;9,46;6,4;89,04;94;77;1001,09;1007,4;995,4;100;100;100;75,17;100;0;100;100;100;100;100;100;226,08;236,03;272,81;11,32;18,86;3,55;13,36;23,44;0,8;18,59;29,66;3,76;13,34;27,36;6,12;0,792915169381806;TRUE
"115";1621;2014;11;7;0,7;0;414,9;2500,9;7,52;14,98;1,53;78,38;94;51;1009,65;1012,7;1005,9;32,08;100;0;4,17;100;0;30,75;100;0;22,17;100;0;161,85;166,74;217,91;11,54;16,9;5,41;18,5;27,87;5,76;27,22;46,32;12,37;17,34;27,72;9;0,770752042721744;TRUE
"116";1625;2014;11;11;0;0;282,91;2384,31;10,36;15,62;6,68;81,92;92;69;1006,92;1011,5;1003;38,99;100;0;27,96;100;0;36,67;100;0;11,62;100;0;172,74;186,76;142,39;9,62;16,78;0,36;15,36;26,79;0,36;15,83;29,78;7,59;12,42;23,4;1,8;0,594398051098257;TRUE
"117";1639;2014;11;25;0;0;325,52;1923,29;9,33;12,38;7,88;88,58;96;75;1019,91;1023;1016,8;62,84;100;0;15,75;100;0;8,04;57;0;54,58;100;0;177,97;189,98;98,35;3,9;9,09;0,51;5,45;18,1;0,36;24,24;30,38;10,79;10,83;18,36;4,68;0,142589349656261;FALSE
"118";1645;2014;12;1;9,2;0;107,87;1286,94;2,71;5,62;0,51;87,54;94;77;1004,31;1006,6;1002,4;92,46;100;3;28,46;100;0;58,67;100;0;80,12;100;0;313,01;318,11;156,36;11,81;18,39;4,33;14,07;23,22;2,88;8,1;16,24;2,04;11,77;21,24;3,96;0,675688636176278;TRUE
"119";1657;2014;12;13;0;0;121,18;1480,07;9,77;13,57;5,62;61,33;67;51;1011;1014,4;1008,9;70,18;100;0,3;43,04;100;0;69,58;100;0;36,67;100;0;198,43;218,34;249,4;8,79;22,17;1,3;13,16;28,89;3,22;63,41;82,02;33,99;30;43,56;12,96;0,746932078893993;TRUE
"120";1661;2014;12;17;10,1;0;0;284,8;6,19;8,41;4,05;84,08;94;69;1014,99;1018,1;1011,5;100;100;100;46,58;100;0;55,17;100;0;91,88;100;1;253,97;256,04;265,92;10,78;19,13;5,01;15,68;26,99;6,95;39,43;60,69;2,9;20,11;35,28;7,92;0,935734937213148;TRUE
"121";1675;2014;12;31;0,5;0;365,91;1654,51;0,48;4,05;-1,57;79;88;61;1035,51;1036,3;1034,8;52,59;100;0;0,71;13;0;2;45;0;52,54;100;0;186,03;189,72;185,76;12,31;18;1,3;14,49;24,8;1,53;14,26;27,36;0,8;14,35;22,68;2,88;0,0920886804353045;FALSE
"122";1681;2015;1;6;0;0;397,05;1931,3;3,22;6,66;-0,27;69,42;82;50;1028,87;1032,3;1025,4;21,26;100;0;35,58;100;0;19,21;100;0;0;0;0;130,97;157,05;255,9;5,7;10,19;1,48;9,05;18,95;0,8;12,13;33,89;5,6;6,46;32,4;0,36;0,361899880902447;FALSE
"123";1697;2015;1;22;0;0;256,44;1836,07;1,02;4,47;-1,36;87,29;95;67;1012,14;1018;1007,9;63,29;100;0;0;0;0;55,38;100;0;60,67;100;0;318,41;323,77;204,59;7,32;10,74;2,31;9,71;18,79;2,9;9,45;24,48;1,48;9,81;19,08;1,44;0,49875721688154;FALSE
"124";1723;2015;2;17;0;0;356,64;2799,94;3,67;7,58;1,34;84,88;96;61;1029,38;1037,1;1021,3;59,46;100;0;1,88;40;0;30,21;100;0;38;100;0;285,67;281,12;106,39;6,96;16,39;0;8,87;25,1;1,53;8,56;15,14;2,28;9,27;24,12;1,8;0,110381457902617;FALSE
"125";1729;2015;2;23;3;0;62,4;1480,07;4,85;10,87;0,77;80,25;93;71;1004,22;1010,3;999;68,48;100;0;35,12;100;0;62,33;100;0;46,04;100;0;203,65;217,22;236,18;12,97;26,22;4,35;18,47;35,28;5,77;40,86;59,64;14,08;23,82;38,16;9,72;0,791087060944813;TRUE
"126";1743;2015;3;9;0;0;352,09;4389,48;11,13;14,89;7,39;64,83;80;56;1024,91;1026,4;1023,9;47,74;100;0;56,21;100;0;42,79;100;0;0;0;0;243,69;247,35;100,15;5,11;11,28;1,8;5,65;13,05;0,51;9,52;16,75;3,67;5,57;11,88;1,08;0,224456856328439;FALSE
"127";1763;2015;3;29;0,1;0;0;2427,03;10,83;13,65;8,84;73,17;83;62;1013,34;1018;1007,9;89,08;100;5;66,29;100;0;80,29;100;0;77,04;100;0;252,55;252,73;261,93;30,69;41,8;18,79;39,8;53,74;28,46;73,04;96,43;57,24;43,83;58,68;27,72;0,677527817272186;TRUE
"128";1765;2015;3;31;3,3;0;233,94;2414,57;10,08;11,92;7,21;70,88;77;68;1012,9;1016,7;1009,2;69,46;100;0;28,58;100;0;52,58;100;0;59,5;100;0;259,06;259,21;265,72;37,48;48,72;18,12;48,22;60,08;26,34;85,57;101,82;61,35;55,9;71,28;33,48;0,751753778936842;TRUE
"129";1773;2015;4;8;0;0;736,18;6267,38;9,11;15,37;2,96;53,29;72;45;1033,84;1036,6;1030,5;0,08;2;0;0;0;0;0,08;2;0;0;0;0;156,99;170,54;74,91;6,27;9,01;3,4;10,15;18,56;5,45;12,19;29,95;6,41;11,37;20,88;6,84;0,0583638823112849;FALSE
"130";1779;2015;4;14;0;0;487,26;6474,75;14,82;20,55;9,17;61,54;83;36;1029,78;1032,3;1025,7;24,54;100;1,2;29,96;100;4;22,08;100;0;0;0;0;209,92;223,3;219,57;3,68;9,18;0,8;4,31;16,28;0,51;10;20,42;1,08;5,22;18,72;0,72;0,336229908973294;FALSE
"131";1815;2015;5;20;3,9;0;0;3934,69;10,22;11,47;8,45;67,29;87;58;1015,8;1019,6;1013;99,88;100;97;20,29;100;0;55,25;100;0;85,46;100;10;292,99;294,39;302,33;15,4;21,48;7,93;20,29;24,02;15,12;26,83;35,27;21,2;19,86;29,16;13,32;0,907215377519309;TRUE
"132";1827;2015;6;1;2,9;0;159,6;3264,52;17,74;19,79;15,14;73,38;88;62;1017;1017,8;1015,9;81,6;100;5,4;19,54;100;0;43,88;100;0;60,96;100;0;238,24;251,69;252,44;9,12;15,83;1,14;12,45;19,64;2,04;28,47;37,78;13,9;17,82;26,28;5,4;0,570409042632049;TRUE
"133";1831;2015;6;5;0,4;0;847,41;7901,42;25,14;31,21;18,19;66,33;96;43;1019,65;1021,2;1017,9;7,08;100;0;2,71;29;0;5,96;100;0;1,67;10;0;213,08;217,42;219,13;4,47;11,62;0,8;6,64;17,29;1,44;6,36;19,3;1,48;8,24;15,48;2,88;0,566042507239529;TRUE
"134";1847;2015;6;21;4,9;0;145,8;4095,78;15,25;20,77;9,84;75,29;89;60;1019,4;1022;1016,9;77,5;100;0;32,21;100;0;55,67;100;0;58,92;100;0;218,81;234,36;270,84;10,24;18,06;1,08;12,09;21,61;2,97;24,49;39,32;11,04;14,83;24,12;3,96;0,608676793744015;TRUE
"135";1859;2015;7;3;0;0;880,57;7979,74;29,58;35,13;24,29;50,79;72;32;1021,63;1023,2;1019,9;6,3;100;0;11,29;100;0;4,17;100;0;0;0;0;122,08;130,68;178,25;9,69;14,8;4,8;11,45;23,21;1,8;17,39;24,99;4,07;12,93;23,76;6,12;0,406973620849338;FALSE
"136";1861;2015;7;5;0;0;947,79;7978,85;29,96;36,7;23,58;47,83;80;30;1015,65;1018,9;1012,2;1,08;10;0;2,21;24;0;0,42;10;0;0;0;0;159,04;158,57;194,95;10,44;17,73;2,81;13,85;28,29;4,83;20,62;58,32;8,29;15,97;31,32;2,88;0,332122796351536;FALSE
"137";1867;2015;7;11;0;0;852,37;7856,03;22,63;29,9;14,16;58,04;84;35;1016,99;1018,6;1014,7;2,55;10;0;0,17;2;0;0;0;0;2,5;10;0;200,38;203,9;260,16;14,59;27,82;1,94;20,45;31,07;1,84;33,47;52,8;16,92;20,76;34,92;11,52;0,52437326502306;TRUE
"138";1871;2015;7;15;0;0;865,76;7941,47;24,02;29,57;17,96;57,17;76;37;1019,08;1021,1;1016,6;21,42;100;0;0;0;0;0;0;0;21,42;100;0;274,14;279,61;232,3;5,14;10,85;0,8;6,53;12,78;1,02;6,78;14,51;1,3;7,87;13,68;3,96;0,263937345982699;FALSE
"139";1907;2015;8;20;0;0;766,92;6576,21;18,05;23,45;12,92;65,12;85;42;1022,58;1023,8;1021,6;9,3;39;0;10,04;40;0;7,67;39;0;1,25;10;0;110,61;106,44;71,97;6,3;12,59;3,32;9,22;21,18;2,97;8,9;14,84;2,9;9,62;15,84;5,04;0,157046239918473;FALSE
"140";1923;2015;9;5;0;0;384,62;4897,67;14,68;18,23;11,44;60,67;77;43;1018,01;1020,2;1016,5;57,25;100;0;2;24;0;1,92;26;0;57,25;100;0;305,35;294,92;315,95;10,11;18,28;1,8;12,99;20,78;0,36;19,93;28,46;13,58;17,26;21,6;10,08;0,379700444393768;FALSE
"141";1927;2015;9;9;0;0;761,36;5665,74;14,73;21,94;7,85;62,17;79;40;1019,63;1021,8;1017,5;1,25;10;0;0;0;0;0;0;0;1,25;10;0;111,91;118,22;96,53;9,98;19,91;0,36;13,06;29,74;0,36;27,91;42,01;16,66;18,57;34,2;6,84;0,228412111300082;FALSE
"142";1939;2015;9;21;0;0;758,77;5095,25;14,22;20,41;7,75;72,42;96;49;1016,76;1021,8;1011,4;16,39;100;0;14,17;100;0;2,58;62;0;15,92;100;0;117,14;98,5;112,22;4,09;9,03;0,72;5,14;9,11;2,28;11,7;19,2;2,52;11,37;18,36;2,16;0,334808100638265;FALSE
"143";1951;2015;10;3;0;0;451,02;4086,88;15,51;20,54;10,78;70,88;88;54;1016,4;1017,8;1014,9;53,4;100;0;24,5;100;0;53,25;100;0;13,38;100;0;144,84;150,32;165,58;5,44;10,85;1,94;8,12;18,21;2,16;14,77;26,48;6,52;9,69;15,12;2,52;0,496539745536252;FALSE
"144";1969;2015;10;21;0;0;291,45;3332,16;9,86;13,05;6,96;70,71;82;60;1020,68;1022,7;1018,8;70,88;100;1,8;17,04;100;0;20,96;100;0;49,62;100;0;214,37;225,87;177,8;7,03;14,58;1,53;9,27;15,6;2,52;11,19;17,38;2,55;10,37;14,76;4,68;0,357678123284941;FALSE
"145";1991;2015;11;12;0;0;553,46;2482,21;10,56;14,65;8,01;68,58;81;49;1026,71;1028,7;1024,6;12,36;49;0;14,75;45;0;10,54;49;0;0;0;0;130,03;140,34;233,84;6,89;11,75;3,55;10,18;26,6;0,72;13,91;27,05;1,48;8,43;21,96;1,44;0,194884626502923;FALSE
"146";1997;2015;11;18;0,1;0;446,66;1988,26;13,27;16,08;9,81;72,92;84;56;1022,3;1024,8;1018,1;23,43;100;0;4,08;44;0;3,46;60;0;20,08;100;0;256,81;258,66;265,27;20,05;28,39;10,7;27,52;38,52;19,8;58,01;87,12;34,74;32,91;43,56;23,76;0,409434830519272;FALSE
"147";2001;2015;11;22;2,2;0,84;234,8;938,06;2,34;4,57;1,21;80,92;91;63;1007,82;1015,7;1001,1;75,04;100;6;0;0;0;27,25;100;0;70,5;100;5;285,05;287,37;296,82;16,72;27,53;7,52;20,45;33,37;10,24;29,69;53;15,08;22,06;32,4;14,76;0,653467971939253;TRUE
"148";2013;2015;12;4;0;0;1,58;894,45;6,57;8,9;4,57;63,42;94;31;1033,17;1036,9;1030,4;60,17;100;0;44,12;100;0;40,88;100;0;50,75;100;0;155,26;166,37;264,36;6,68;9,42;1,61;9,36;15,29;2,31;36,98;58,18;13,8;13,71;23,76;4,32;0,204891494662347;FALSE
"149";2025;2015;12;16;10,4;0;128,16;1458,71;11,65;15,56;7,98;80,21;89;66;1027,61;1028,5;1026,3;85,82;100;9,3;59,71;100;3;71;100;0;70,88;100;0;206,29;230,41;267,43;11,31;20,83;4,32;18,63;27,53;8,59;46,6;55,16;19,17;22,28;29,88;8,64;0,474787377433798;FALSE
"150";2041;2016;1;1;0;0;249,77;1720,37;6,88;8,6;5,58;84,88;97;75;1025,84;1029,6;1019,2;78,28;100;0;25,33;100;0;35,5;100;0;42,54;100;0;171,78;173,05;202,66;11,96;19,81;4,68;16,92;29,27;5,76;19,68;31,26;1,08;14,79;22,68;3,96;0,227828906883414;FALSE
"151";2079;2016;2;8;0,4;0;345,32;2857,79;7,45;12,41;2,83;67,58;80;56;1006,08;1011,3;1001,5;56,42;100;0;37;100;0;49,71;100;0;9,79;100;0;224,95;230,24;246,04;31,55;47,97;8,12;41,64;61;12,74;82,68;103,26;53,23;51,99;76,32;23,04;0,869168459628203;TRUE
"152";2091;2016;2;20;1,2;0;0;722,68;5,42;9,87;1,45;71,5;76;63;1024,85;1028;1021,8;79,67;100;0;65,67;100;0;78,71;100;0;75,92;100;0;232,31;237,01;260,51;25,12;39,63;11,09;35,1;51,39;22,93;71,77;99,36;35,76;40,63;56,88;20,52;0,553275867006518;TRUE
"153";2105;2016;3;5;6,7;0;73,69;1520,12;5,4;7,63;1,52;74,67;86;64;994;996,5;991,7;82,92;100;0;47,79;100;0;78,75;100;0;80,25;100;0;186,74;200,78;220,3;11,88;21,79;0;15,14;29,48;0,72;28,21;55,27;1,3;22,23;49,68;6,84;0,925071335528404;TRUE
"154";2121;2016;3;21;0;0;111,06;3640,99;6,48;11,39;3,24;79,46;92;60;1017,58;1019,1;1015,6;77,42;100;0;0;0;0;0;0;0;77,42;100;0;234,76;210,41;123,56;8,98;18,39;0;11,78;24,16;0,36;12;19,08;1,14;11,62;23,4;1,44;0,172514539997134;FALSE
"155";2127;2016;3;27;2,2;0;86,23;3135,47;9,34;12,5;4,14;66,83;92;52;1014,55;1017,6;1010,8;60,89;100;0;23,21;100;0;55,5;100;0;53,42;100;0;213,66;240,82;256,45;11,66;24,61;1,61;15,86;31,09;1,84;35,86;70,77;14,04;23,23;41,4;7,56;0,734908653548769;TRUE
"156";2141;2016;4;10;0;0;700,64;6375,07;11,36;16,89;5,74;63;76;45;1009,32;1010,8;1008;15,68;100;0,9;18,21;63;0;3,21;40;0;8,92;100;0;134,55;138,07;153,71;9,76;16,75;2,97;12,19;22,96;1,14;16,16;37,72;0,8;11,31;17,28;2,16;0,517821545497758;TRUE
"157";2143;2016;4;12;1;0;715,34;6234,45;13,95;19,25;8,97;63,96;81;40;1010,33;1012,9;1007,2;24,17;100;0;0;0;0;17,5;100;0;21,29;100;0;150;183,78;212,58;7,95;16,42;0,8;10,4;19,01;1,44;18,62;48,9;2,62;17,91;33,48;2,16;0,723998401729442;TRUE
"158";2159;2016;4;28;0,1;0;693,13;5443,24;7,19;11,78;2,01;54,92;71;44;1015,29;1017;1014,4;34,46;100;0;0;0;0;3,88;48;0;34,46;100;0;240,05;268,86;276,64;7,39;17,5;0,8;8,8;18,88;3,22;15,07;28,94;6,49;13,84;22,68;7,56;0,579966766349232;TRUE
"159";2181;2016;5;20;0;0;563,96;7655,78;13,32;19,71;4,96;65,71;87;41;1019,92;1021,2;1018,3;23,58;100;0;16,42;94;0;21,46;100;0;1,67;10;0;244,81;260,47;260,67;7,23;10,95;2,31;9,24;17,31;2,41;13,1;17,23;10,83;11,67;18,36;5,4;0,723045226476724;TRUE
"160";2201;2016;6;9;0,7;0;568,9;6280,73;17,49;20,93;13,47;75;96;52;1015,88;1018,3;1014,1;49,42;100;0;6,08;36;0;25,21;100;0;47,17;100;0;204,01;221,89;121,17;7,41;14;2,97;10,43;15,82;4,1;14,72;23,27;6,49;11,91;15,84;6,12;0,391832415696611;FALSE
"161";2229;2016;7;7;0;0;753,91;8130,15;20,09;25,66;13,83;63,83;81;44;1017,92;1019;1016,4;24,03;100;0;33,88;100;0;18,33;100;0;0,04;1;0;231,49;267,07;127,1;4,98;9,73;0,36;5,47;15,33;0;7,96;13,61;1,8;7,17;11,88;0,72;0,465690899226837;FALSE
"162";2235;2016;7;13;4,1;0;97,02;4692,08;15,02;16,87;12,24;76,42;88;64;1014,73;1018,2;1012,6;92,67;100;41;0;0;0;9,12;100;0;92,67;100;41;259,56;272,71;287,54;16,55;28,29;3,4;20,35;31,9;8,47;30,99;43,62;21,07;22,14;30,6;12,6;0,635456330401495;TRUE
"163";2239;2016;7;17;0;0;874,66;7856,92;20,9;27,26;13,69;59,38;74;44;1020,15;1022,5;1018,2;4,17;100;0;0;0;0;0;0;0;4,17;100;0;177,44;161,19;142,39;7,29;10,5;4,1;10,91;17,46;5,69;11,94;18,43;6,49;10,69;16,2;7,56;0,211835073867691;FALSE
"164";2251;2016;7;29;0,1;0;836,83;6432,03;21,51;26,58;14,94;67,17;87;50;1013,78;1015,9;1011,7;21,25;100;0;1,21;28;0;0;0;0;21,25;100;0;230,66;253,14;262,35;8,05;16,26;1,14;9,29;17,02;2,62;20,52;28,14;9,69;16,43;27;8,64;0,470552244969229;FALSE
"165";2259;2016;8;6;0;0;831,36;6933,1;17,71;23,28;12,48;64,92;86;46;1023,62;1026,4;1022;8,05;61;0;10,33;31;0;2,54;61;0;4,17;10;0;145,74;168,05;236,55;6,95;14,78;0,51;7,95;17,48;0,8;9,54;17,67;4,02;9,88;20,16;2,52;0,333325192529287;FALSE
"166";2265;2016;8;12;1,4;0;468,45;4555,02;18,93;24,48;14,26;60,08;76;48;1023,43;1025,2;1022,1;58,33;100;0;22,46;100;0;15,29;100;0;58,33;100;0;230,24;236,92;272,8;6,87;11,77;1,14;10,49;18,25;1,94;21,12;44,13;2,41;13,23;23,4;3,24;0,495578947849607;FALSE
"167";2289;2016;9;5;3,3;0;414,41;4971,54;18,11;21,22;15,85;72,04;92;52;1019,45;1023,1;1017,2;54,44;100;0;18,38;100;0;51,75;100;0;48,33;100;0;257;268,75;295,88;11,86;22,78;3,6;16,02;24,85;7,77;26,39;45,33;7,73;19,81;27,72;10,44;0,473822854467062;FALSE
"168";2293;2016;9;9;0;0;750,79;5464,6;21,66;27,24;15,42;62,67;86;48;1015,91;1017,7;1014,4;4,48;10;0;4,92;22;0;0;0;0;3,79;10;0;195,53;206,58;153,21;8,99;15,28;4,21;11,31;18,95;2,88;11,09;20,36;5,19;12,15;18;7,2;0,263802360020224;FALSE
"169";2309;2016;9;25;0;0;716,42;4645,8;18,22;24,19;13,23;63,21;80;44;1020,81;1022,5;1018,6;1,25;10;0;0;0;0;0;0;0;1,25;10;0;143,58;159,99;248,52;5,6;8,71;0,36;6,89;17,1;0,36;11,33;18,49;2,41;7,64;18,72;2,52;0,248743416217716;FALSE
"170";2315;2016;10;1;7,9;0;3,19;1493,42;17,21;20,04;14,7;72,12;84;56;1012,58;1014,9;1011,6;96,62;100;30;61,79;100;0;90,96;100;3;68,38;100;0;203,23;227,85;242,58;7,44;14,4;1,48;12,02;19,59;2,16;39,58;57,32;14,06;22,15;27,36;6,84;0,739284391802948;TRUE
"171";2347;2016;11;2;0,1;0;102,45;1436,46;10,19;12,64;7,31;80,88;93;66;1021,5;1023;1019,7;71,96;100;4,5;23,62;100;0;6,54;62;0;68,21;100;0;276,06;261,67;298,53;10,31;17,55;4,51;15,19;19,92;6,3;33,02;55,84;17,67;19,69;28,44;9;0,452448716158008;FALSE
"172";2357;2016;11;12;0,6;0;383,64;2090,61;4,46;7,76;2,46;81,79;92;62;1025,76;1028,1;1023,7;57,6;100;0;8,5;100;0;4,54;100;0;52,04;100;0;183,59;217,1;221,76;7,45;13,89;2,19;10,12;20,67;1,8;8,58;20,16;0,72;9;16,92;2,52;0,287220805146296;FALSE
"173";2359;2016;11;14;0;0;399,14;2340,7;2,72;5,23;0,09;77,38;88;61;1034,57;1038,3;1030;16,05;100;0;3;21;0;3;45;0;12,46;100;0;222,28;224,62;88,26;4,49;10,08;0,72;6,9;17,94;1,14;10,89;23,04;0,36;9,7;23,4;3,6;0,0533269288415905;FALSE
"174";2385;2016;12;10;0;0;540,42;1789,79;6,89;8,82;4,74;60,62;71;54;1028,9;1031,4;1027,1;2,25;54;0;0;0;0;2,25;54;0;0;0;0;138,64;175,47;268,21;4,98;7,56;1,02;5,3;8,23;2,31;23,25;26,48;15,38;8,85;21,24;1,08;0,192003076573769;FALSE
"175";2387;2016;12;12;0;0;158,5;1680,32;3,81;7,18;1,77;83,75;94;72;1027,79;1029,2;1026,8;67,45;100;1,2;51,12;100;2;61,75;100;0;21,12;100;0;161,75;159,23;175,74;7,67;11,18;0,36;12,3;20,52;1,3;10,86;18,64;5,5;10,3;19,8;3,6;0,23937899125226;FALSE
"176";2403;2016;12;28;0;0;572,04;1770,21;2,06;6,31;-0,47;82,67;93;70;1047,1;1049,9;1043,6;0;0;0;0;0;0;0;0;0;0;0;0;102,83;100,6;95,46;3,9;7,42;0,8;8,81;15;3,6;19,14;26,64;14,76;14,43;20,88;6,12;0,0122914969101059;FALSE
"177";2405;2016;12;30;0;0;573,54;1793,35;1,52;5,11;-1,42;83,08;93;72;1042,21;1045;1039,2;0;0;0;0;0;0;0;0;0;0;0;0;112,79;119,11;85,18;6,32;10,88;2,41;10,15;23,11;2,16;9,55;21,48;2,62;4,41;16,2;0,72;0,0177844005102432;FALSE
"178";2415;2017;1;9;0;0;503,54;1943,76;0,14;2,6;-1,73;81,67;91;66;1029,2;1033,1;1023,4;55,05;100;0;13;100;0;10,29;100;0;45,62;100;0;203,1;211,69;168,55;5,39;10,69;1,3;6,24;14,58;1,44;7,6;16,2;0,8;8,73;20,88;2,52;0,180953294552962;FALSE
"179";2429;2017;1;23;0;0;392,29;2398,55;-1,29;1,08;-2,79;82,33;91;68;1026,98;1028,4;1025,3;36,58;100;0;9,33;18;0;2,67;21;0;34,38;100;0;302,22;306,77;102,05;5,51;12,48;1,02;6,9;18,28;2,04;4;8,28;0,72;6,33;18;1,44;0,0761888560417176;FALSE
"180";2433;2017;1;27;0;0;385,78;2487,55;2,5;7,69;-1,28;74,17;91;63;1020,82;1023,4;1018,4;39,73;100;0;32,21;100;0;37,62;100;0;0;0;0;118,98;118,85;146,63;16,37;22,67;4,9;26,79;36,55;5,35;18,38;36,46;4,2;16,8;26,64;7,2;0,398972102352826;FALSE
"181";2449;2017;2;12;0;0;389,23;3091,86;7,19;11,17;4,8;66,54;83;57;1023,35;1025,6;1019,9;55,53;100;1,5;15,5;39;0;51,42;100;0;51,71;100;0;112,54;111,89;114,49;13,81;20,18;5,19;20,57;29,62;7,57;19,33;34,29;6,84;18,33;27,72;9,72;0,260863093068843;FALSE
"182";2465;2017;2;28;10,1;0;91,91;2841,77;8,45;11,88;4,29;71,79;85;57;997,89;1003,3;992,3;77,08;100;7;19,46;100;0;75,67;100;0;39,5;100;0;238,81;238,82;243,79;32,29;52,34;6,79;41,43;66,49;6,92;74,63;109,6;39,48;52,61;68,4;27,72;0,923974490235132;TRUE
"183";2471;2017;3;6;14,2;0;7,66;1165,9;5,1;7,15;2,85;81,71;94;68;1007,2;1011,2;999,5;75,79;100;0;14,92;100;0;70,42;100;0;56,96;100;0;233,67;236,11;261,31;22,64;41,41;5,69;29,25;52,62;5,48;53,74;88,61;19,44;35,43;55,8;17,28;0,783099201758904;TRUE
"184";2477;2017;3;12;0;0;270,56;3887,52;11,02;16,34;6,21;58,42;75;42;1015,53;1018,9;1012,1;61,62;100;0;59,17;100;0;61,62;100;0;28,04;100;0;112,51;111,45;150,21;13,23;17,42;5,35;20,84;28,37;12,26;8,46;24,19;1,02;12,19;17,64;7,2;0,482402252266651;FALSE
"185";2483;2017;3;18;2,9;0;0;1605,56;9,93;11,34;8,82;74,92;83;66;1017,03;1018,6;1015,9;100;100;100;82,83;100;27;92,83;100;36;92,25;100;0;263,33;263,11;271,98;26;33,86;14,76;33,67;40,8;20,91;66,42;73,57;47,68;38,55;46,8;26,28;0,930854655582386;TRUE
"186";2497;2017;4;1;0;0;105,32;4144,73;13,12;15,57;11,01;62,79;74;51;1014,68;1015,9;1013,6;92,38;100;10;47,54;100;1;71,38;100;2;81,08;100;0;234,77;249,19;268,44;9,55;23,8;1,3;13,18;25,63;0,51;22,79;50,96;3,88;14,19;23,76;2,52;0,638802621340029;TRUE
"187";2513;2017;4;17;4,7;0;5,11;3840,35;9,69;12,62;6,84;72,08;85;59;1019,72;1023;1017,2;99,17;100;89;2,04;15;0;6,04;46;0;99,17;100;89;274,66;248,4;262,02;18,95;32,2;6,84;25,1;39,36;12,52;36,91;52,68;26,08;25,87;38,52;13,32;0,428354203088096;FALSE
"188";2517;2017;4;21;0;0;839,16;6963,36;7,67;14,41;0,7;49,08;69;35;1033,46;1036,7;1029,3;0,05;0,6;0;0,17;2;0;0;0;0;0;0;0;156,14;188,81;156,54;6,85;10,81;0,72;10,32;21,9;0;12,95;24,34;3,4;11,17;19,44;1,8;0,0969074744642491;FALSE
"189";2537;2017;5;11;1,8;0;17,23;5383,61;16,14;23;11,47;69,38;89;37;1000,63;1005,2;997;98,62;100;67;61,25;100;0;96,08;100;42;78;100;0;199,69;194,59;192,32;12,87;26,22;1,44;16,56;28,82;4,8;20,51;34,52;7,64;19,44;34,2;6,12;0,950399428569838;TRUE
"190";2541;2017;5;15;0;0;676,55;6995,4;16,28;21,03;11,11;66,83;89;47;1028,71;1030,3;1027,2;19,95;100;0;8,42;25;0;0,67;9;0;19,04;100;0;233,32;233,95;245,67;5,25;9,42;0,36;6,15;15,28;0;9,45;19,48;3,88;7,26;12,24;1,44;0,155642659026991;FALSE
"191";2571;2017;6;14;0,3;0;469,31;7605,05;21,87;27,55;14,86;68,62;86;51;1014,16;1016,1;1012,7;56,89;100;1,2;50,33;100;4;54,79;100;0;16,79;100;0;152,77;157,08;134,74;8,47;18,12;2,55;9,19;20,52;2,88;13,13;25,07;1,8;11,1;21,96;4,32;0,605188613400365;TRUE
"192";2581;2017;6;24;0;0;627,73;6873,47;22,58;26,92;18,69;66,46;81;50;1015,9;1017,7;1013,9;42,84;100;0;7,38;32;0;0,62;11;0;42;100;0;277,2;285,64;279,72;8,32;17,46;1,48;10,63;18,08;1,3;18,68;31,01;8,05;19,56;29,52;9,36;0,370018711171325;FALSE
"193";2589;2017;7;2;3,3;0;198,51;3693,5;15,8;20,37;12,41;77,58;88;62;1018,78;1021,8;1015,8;86,04;100;0;1,67;30;0;29,17;100;0;86,04;100;0;267,15;267,57;302,07;15,11;20,52;9,72;18,64;26,28;9,36;20,85;46,28;10,32;17,74;25,2;13,32;0,561534815048884;TRUE
"194";2595;2017;7;8;1,3;0;814,39;7719,86;26,28;31,91;19,98;57,42;75;39;1014,2;1015,9;1012,5;15,54;100;0;8,29;100;0;15,33;100;0;4,83;84;0;192,07;189,97;274,01;8,12;16,52;2,52;9,91;22,33;1,94;12,11;23,45;1,3;12,12;28,08;1,44;0,736819342486191;TRUE
"195";2607;2017;7;20;1,9;0;316,21;4671,61;23,15;25,88;19,69;61;87;38;1013,37;1014,7;1011,2;54,81;100;0;31;100;0;41,71;100;0;37,38;100;0;216,16;251,28;261,48;8,14;16,78;0;11,49;30,35;1,61;24,05;73,32;7,42;19,63;30,24;2,52;0,646611483426583;TRUE
"196";2615;2017;7;28;0;0;368,3;6517,47;21,2;24,75;18,01;58,75;78;39;1014,18;1016,6;1011,3;67,04;100;0;15,62;100;0;50,62;100;0;29,12;100;0;264,47;270,19;272,54;14,06;21,97;4,8;18,53;24,16;13,09;30,53;46,81;14,4;24,36;33,12;13,32;0,627345547168479;TRUE
"197";2627;2017;8;9;1;0;234,26;4902,12;18,79;23,8;14,79;67,46;87;46;1015,77;1016,8;1014,3;83,46;100;0;8,46;37;0;44,58;100;0;77,58;100;0;207,83;214,72;234,24;5,9;13,4;1,02;8,43;23,09;0,72;11,32;28,23;1,02;12,35;21,24;3,24;0,581079212069785;TRUE
"198";2643;2017;8;25;0;0;764,25;6296,75;25,83;32,14;19,64;59,17;80;33;1016,54;1018,5;1014;6,68;100;0;5,96;100;0;6,33;100;0;0;0;0;131,15;146,36;207,31;8,54;13,56;1,94;10,2;18,72;1,48;17,77;32,45;9,01;12,63;25,56;1,8;0,602493917222751;TRUE
"199";2659;2017;9;10;3,3;0;273;4929,71;15,25;19,65;11,94;67,54;91;45;1006,55;1008,3;1005;67,97;100;0;31,88;100;0;25,04;100;0;67,71;100;0;249,12;267,01;283,36;7,58;14,97;2,52;9,42;17,67;2,97;15,95;30,38;10,08;11,71;19,44;6,48;0,766393974479577;TRUE
"200";2661;2017;9;12;3,5;0;362,18;2912,97;13,89;16,66;11,52;63,92;75;51;1012,15;1017;1008,4;58,62;100;0;21,75;100;0;50,92;100;0;48,71;100;0;248,58;252,4;268,47;17,52;25,56;11,53;24,06;28,98;20,46;41,11;46,89;34,97;26,46;32,04;21,6;0,599349265486025;TRUE
"201";2665;2017;9;16;5,1;0;185,74;3008,2;11,26;14,69;8,51;72,29;88;54;1013,66;1016,1;1012,4;72,96;100;0;0;0;0;40,58;100;0;71,96;100;0;237,32;271,85;273,3;4,24;11,44;0;5,41;13,71;0,36;8,08;15,35;2,19;7,27;13,68;3,6;0,588497065866445;TRUE
"202";2667;2017;9;18;3,1;0;319,83;3729,1;11,88;15,19;8,76;70,96;88;56;1017,17;1019;1015,7;60,25;100;0;0;0;0;27,04;100;0;59;100;0;255,35;261,92;269,76;10,16;15,91;6,52;13,78;18,39;8,31;26,1;43,85;11,16;17,52;23,04;11,88;0,571588579029412;TRUE
"203";2673;2017;9;24;0;0;706,43;4902,12;15,98;21,05;10,95;66,83;91;43;1020,35;1021,5;1019,5;19,34;100;0;4,75;25;0;17,08;100;0;3;12;0;222,79;209,03;132,99;3,56;9,66;0,51;5,16;19,17;0,36;4,07;7,59;1,08;6,18;14,76;1,44;0,389978220359831;FALSE
"204";2675;2017;9;26;0;0;114,13;3978,3;16,42;20,27;12,73;60,12;74;43;1020,49;1022,8;1018,6;61,83;100;0;6,38;28;0;60,92;100;0;33,04;100;0;217,95;231,03;233,41;5,6;17,48;1,48;5,7;18,08;0,72;5,14;10,44;0,8;5,89;15,48;1,08;0,430131260090557;FALSE
"205";2689;2017;10;10;0,1;0;128,37;2817,74;13,26;19,25;7,79;69,71;82;51;1020,92;1022;1019,7;51,84;100;0;17,83;80;0;10,92;93;0;50,38;100;0;217,82;252,62;267,47;8,81;18,36;2,9;11,1;20,89;3,98;23,3;36,58;17,06;16,08;22,32;11,52;0,588059648660094;TRUE
"206";2705;2017;10;26;0;0;608,21;3192,43;16,36;22,35;11,69;71,58;94;43;1025,79;1027,1;1024,4;7,15;66;0;16,71;100;0;2,88;66;0;0;0;0;178,71;187,91;270,73;5,77;9,83;1,08;8,44;15,16;1,94;20,81;31,68;12,31;9,91;23,04;2,16;0,363602804154926;FALSE
"207";2717;2017;11;7;0,5;0;0;1647,39;4,63;8,15;1,36;84,83;94;70;1019,81;1023;1016,5;90,58;100;0;4,71;20;0;14,25;100;0;90,58;100;0;316,83;293,1;111,17;10,93;16,6;6,29;14,01;19,24;7,29;26,8;41,76;11,11;16,07;19,8;6,48;0,313604875683198;FALSE
"208";2719;2017;11;9;0,6;0;182,95;1920,62;6,97;8,74;5,92;79,71;92;68;1023,33;1026,8;1020,2;66,25;100;0;16,54;90;0;25,17;100;0;66,25;100;0;304,68;311,44;115,68;5,16;9,98;2,31;6,08;10,46;2,62;7,39;12,96;1,14;5,99;10,44;1,8;0,159886237069611;FALSE
"209";2729;2017;11;19;6,2;0;0;1657,18;4,72;7,21;2,11;81,62;97;73;1022,83;1027,4;1019;84,67;100;2;12;100;0;37,5;100;0;84,67;100;2;267,58;268,78;291,92;20,18;31,34;9,06;25,94;39,24;16,68;37,59;71,68;15,26;29,21;60,12;13,32;0,557717926636867;TRUE
"210";2737;2017;11;27;0;0;17,23;1812,04;4,78;7,7;1,58;69,21;87;54;1027,27;1031,6;1019,6;87,92;100;33;14,38;100;0;34,75;100;0;87,92;100;33;248,67;251,21;268,5;19,38;29,08;13,48;26,62;35,02;19,48;42,23;68,65;30,63;28,9;34,56;21,24;0,401376252496661;FALSE
"211";2757;2017;12;17;1;0,63;379,9;1317,2;1,07;3,27;-0,18;83,33;94;66;1025,44;1030,1;1020,1;43,33;100;0;0,79;19;0;5,92;100;0;41,75;100;0;272,66;278,65;299,81;16,41;23,4;8,67;20,27;30,65;13,53;21,09;33,65;13,78;20,2;29,88;12,96;0,358707448800505;FALSE
"212";2765;2017;12;25;0;0;472,34;1803,14;4;8,87;-0,1;75,67;99;49;1023,2;1029,5;1016,3;37,19;100;0,6;12,42;32;0;0,08;2;0;33,75;100;0;109,32;133,26;254,45;7,63;10,7;0,72;9,08;14,24;1,02;44,71;73,31;29,95;13,01;27,36;6,12;0,188191054047943;FALSE
"213";2773;2018;1;2;2,7;0;245,91;1513,89;5,44;7,86;3,7;76,25;86;59;1016,56;1019,7;1007,6;57,83;100;0;24,08;100;0;52,58;100;0;45,54;100;0;256,71;257,86;275,59;27,47;46,19;14,77;35,39;57,69;21,95;63,42;98,73;35,19;38,53;60,84;24,48;0,649910823884569;TRUE
"214";2781;2018;1;10;0;0;54,26;1653,62;7,67;11,35;4,24;59,5;74;42;1013,51;1015,6;1011,3;85,62;100;8;28,25;100;0;79,17;100;8;60,12;100;0;186;204,43;243,01;11,51;19,6;6,83;16,48;26,65;9,89;37,49;54,9;16,92;21,07;29,52;10,44;0,695258906850268;TRUE
"215";2791;2018;1;20;0,9;0,07;0;698,65;4,52;7,93;2,3;76,83;87;60;1008,35;1016,1;996,9;91,92;100;9;21,04;100;0;78,04;100;0;81,54;100;0;247,69;248,68;262,85;30,41;44,88;21,42;39,6;57,02;30,3;71,21;104,76;52,75;44,56;68,4;33,84;0,780232799214341;TRUE
"216";2797;2018;1;26;2,6;0;0;686,19;7,16;8,31;6,21;86,38;97;75;1016,25;1022,1;1013,5;100;100;100;75;100;0;95,33;100;2;100;100;100;218,5;220,4;199,91;9,23;18,45;2,9;12,6;26,12;4,45;18,1;38,35;1,44;14,19;27,72;5,4;0,417010322340202;FALSE
"217";2817;2018;2;15;9,2;0;0;574,94;4,07;8,94;0,34;80,46;100;55;1017,53;1018,4;1016,9;97,79;100;59;70,58;100;0;97,79;100;59;70,92;100;0;171,95;188,82;240,69;13,61;29,95;0;22,46;47;6,21;31,43;64,9;11,97;21,19;42,84;8,28;0,884898540239549;TRUE
"218";2825;2018;2;23;0;0;482,49;3713,08;0,26;3,08;-2,37;65,5;74;54;1013,12;1014,1;1011,6;28,04;100;0;7;34;0;17,04;100;0;12,33;87;0;71,72;75,71;87,39;19,75;29,38;12,26;25,37;34,75;16,61;50,5;67,63;37;24,59;32,4;19,8;0,488085306707902;FALSE
"219";2839;2018;3;9;0;0;116,21;3490,58;11,16;17,74;6,32;55,5;65;43;1009,93;1012,1;1008,3;73,72;100;3;35,54;100;1;59,29;100;0;62,83;100;0;223,99;240,37;253,64;10,35;19,48;0,72;14,62;24,14;4,69;45,9;73,29;20,33;24,41;32,04;18;0,787147304968656;TRUE
"220";2847;2018;3;17;12,5;0;0;2583,67;5,52;10,04;2,38;84,42;92;69;997,86;1001,7;994,9;73,83;100;15;49,79;100;8;51,92;100;2;66,71;100;0;220,24;223,47;163,86;11,45;21,22;1,94;14,77;26,48;3,1;20,01;38,71;4,69;13,83;22,68;6,48;0,833758011828291;TRUE
"221";2861;2018;3;31;0;0;18,67;3205,78;7,95;10,89;5,59;69,46;88;52;999,62;1003;998,3;94,54;100;34;15,42;34;0;94,54;100;34;72,29;100;0;236,43;250,33;291,04;8,52;15,91;1,14;11,75;25,46;2,16;16,59;35,93;5,69;13,78;30,96;5,4;0,92651711392623;TRUE
"222";2863;2018;4;2;0;0;106,29;5139,75;9,98;20,31;0,13;57,38;89;24;1010,64;1017,3;1004,9;69,83;100;5;37;100;0;69,83;100;5;35,46;100;0;157,06;173,86;218,51;9,98;17,64;0,36;12,39;20,88;0,36;16,92;29,16;9,66;15,88;28,08;4,32;0,838035759662056;TRUE
"223";2879;2018;4;18;0;0;728,08;6695,47;16,71;24,53;8,28;58,21;85;31;1027,81;1029,8;1026,2;4,46;8,7;0,6;14,88;29;2;0;0;0;0;0;0;107,57;102,72;95,1;14,03;26,64;2,55;19,75;29,88;0;42,05;60,69;29,3;25,82;31,32;14,4;0,160519026580402;FALSE
"224";2889;2018;4;28;0,3;0;96,49;4541,67;15,73;20,26;10,37;61,58;73;53;1012,23;1015,6;1008,5;87,28;100;8,1;62,17;100;10;62,12;100;0;40,08;100;0;241,22;247,45;185,55;7,41;16,17;2,9;10,72;25,28;2,1;19,16;39,32;1,14;13,86;24,48;5,4;0,669185638960031;TRUE
"225";2911;2018;5;20;0;0;781,05;5631,03;15,06;20;9,87;71,67;90;52;1017,68;1019,7;1014,9;9,75;71;0;0;0;0;4,46;71;0;5,29;37;0;147,52;113,63;76,37;5,91;11,93;0,36;8,95;17,11;0,72;16,25;33,17;3,32;12,4;23,76;4,32;0,316563187899879;FALSE
"226";2913;2018;5;22;1,1;0;192,56;4739,25;18,96;24,11;14,92;63,12;93;43;1012,73;1015,2;1011,4;70,16;100;7,5;50,71;100;12;68,71;100;0;33,83;100;0;182,15;202,45;131,65;5,52;22,35;0,72;6,54;29,44;0,36;7,17;28,52;1,84;5,82;19,44;1,08;0,519342174441639;TRUE
"227";2939;2018;6;17;0,6;0;181,95;3751,35;19,62;21,72;17,96;70,25;82;57;1018,53;1021;1017;84,67;100;25;31,75;100;0;48,75;100;0;51,58;100;0;282,27;287,34;291,6;10,72;19,06;4,51;14,16;20,97;7,1;16,4;23,05;9,9;14,71;20,88;7,56;0,596215947694223;TRUE
